{"order_id": 1, "customer_id": 6973, "order_date": "2025-01-05", "transaction_timestamp": "2025-01-05 10:13:59", "total_amount": 499, "payment_method": "Bank Transfer", "items": [{"item_id": 8, "name": "Gaming Console", "category": "Electronics", "price": 499, "quantity": 1, "details": {"brand": "Sony", "color": "Blue"}}], "order_status": "Completed"}
{"order_id": 2, "customer_id": 3532, "order_date": 2025-01-19, "transaction_timestamp": "2025-01-19 00:05:13", "total_amount": 985, "payment_method": "PayPal", "items": [{"item_id": 4, "name": "Smartwatch", "category": "Electronics", "price": 299, "quantity": 2, "details": {"brand": "Canon", "color": "Gray"}}, {"item_id": 7, "name": "External Hard Drive", "category": "Electronics", "price": 129, "quantity": 3, "details": {"brand": "Dell", "color": "Blue"}}], "order_status": "Cancelled"}
{"order_id": 3, "customer_id": 3532, "order_date": "2025-01-08", "transaction_timestamp": "2025-01-08 23:11:00", "total_amount": 597, "payment_method": "Bank Transfer", "items": [{"item_id": 3, "name": "Wireless Headphones", "category": "Electronics", "price": 199, "quantity": 3, "details": {"brand": "Apple", "color": "White"}}], "order_status": "Completed"}
{"order_id": 4, "customer_id": 3532, "order_date": "2025-01-05", "transaction_timestamp": "2025-01-05 05:49:26", "total_amount": 999, "payment_method": "Bank Transfer", "items": [{"item_id": 2, "name": "Laptop", "category": "Electronics", "price": 999, "quantity": 1, "details": {"brand": "Microsoft", "color": "Black"}}], "order_status": "Cancelled"}
{"order_id": 8, "customer_id": 9179, "order_date": "2025-01-02", "transaction_timestamp": "2025-01-02 13:11:15", "total_amount": 399, "payment_method": "PayPal", "items": [{"item_id": 5, "name": "Tablet", "category": "Electronics", "price": 399, "quantity": 1, "details": {"brand": "LG", "color": "White"}}], "order_status": "Completed"}
{"order_id": 14, "customer_id": 7207, "order_date": "2025-01-01", "transaction_timestamp": "2025-01-01 18:22:26", "total_amount": 597, "payment_method": "PayPal", "items": [{"item_id": 3, "name": "Wireless Headphones", "category": "Electronics", "price": 199, "quantity": 3, "details": {"brand": "Bose", "color": "Blue"}}], "order_status": "Cancelled"}
{"order_id": 18, "customer_id": 4468, "order_date": "2025-01-22", "transaction_timestamp": "2025-01-22 21:12:08", "total_amount": 799, "payment_method": "Credit Card", "items": [{"item_id": 10, "name": "Drone", "category": "Electronics", "price": 799, "quantity": 1, "details": {"brand": "Dell", "color": "Black"}}], "order_status": "Pending"}
{"order_id": 22, "customer_id": 4761, "order_date": 2025-01-01, "transaction_timestamp": "2025-01-01 15:49:19", "total_amount": 199, "payment_method": "PayPal", "items": [{"item_id": 3, "name": "Wireless Headphones", "category": "Electronics", "price": 199, "quantity": 1, "details": {"brand": "HP", "color": "Silver"}}], "order_status": "Pending"}
{"order_id": 26, "customer_id": 7007, "order_date": "2025-01-05", "transaction_timestamp": "2025-01-05 19:01:25", "total_amount": 699, "payment_method": "Bank Transfer", "items": [{"item_id": 1, "name": "Smartphone", "category": "Electronics", "price": 699, "quantity": 1, "details": {"brand": "Samsung", "color": "Silver"}}], "order_status": "Shipped"}
{"order_id": 29, "customer_id": 5953, "order_date": "2025-01-18", "transaction_timestamp": "2025-01-18 03:05:04", "total_amount": 129, "payment_method": "Bank Transfer", "items": [{"item_id": 7, "name": "External Hard Drive", "category": "Electronics", "price": 129, "quantity": 1, "details": {"brand": "Bose", "color": "Gray"}}, {"item_id": 7, "name": "External Hard Drive", "category": "Electronics", "price": 129, "quantity": 1, "details": {"brand": "Bose", "color": "Gray"}}], "order_status": "Pending"}
{"order_id": 31, "customer_id": 4996, "order_date": "2025-01-18", "transaction_timestamp": "2025-01-18 03:13:29", "total_amount": 299, "payment_method": "Bank Transfer", "items": [{"item_id": 4, "name": "Smartwatch", "category": "Electronics", "price": 299, "quantity": 1, "details": {"brand": "Dell", "color": "White"}}], "order_status": "Shipped"}
{"order_id": 33, "customer_id": 9605, "order_date": "2025-01-13", "transaction_timestamp": "2025-01-13 04:47:43", "total_amount": 897, "payment_method": "PayPal", "items": [{"item_id": 4, "name": "Smartwatch", "category": "Electronics", "price": 299, "quantity": 3, "details": {"brand": "Canon", "color": "White"}}], "order_status": "Completed"}
{"order_id": 34, "customer_id": 9605, "order_date": "2025-01-21", "transaction_timestamp": "2025-01-21 00:25:01", "total_amount": 926, "payment_method": "PayPal", "items": [{"item_id": 6, "name": "Bluetooth Speaker", "category": "Electronics", "price": 149, "quantity": 2, "details": {"brand": "Bose", "color": "Silver"}}, {"item_id": 8, "name": "Gaming Console", "category": "Electronics", "price": 499, "quantity": 1, "details": {"brand": "LG", "color": "Black"}}, {"item_id": 7, "name": "External Hard Drive", "category": "Electronics", "price": 129, "quantity": 1, "details": {"brand": "Samsung", "color": "Black"}}], "order_status": "Cancelled"}
{"order_id": 40, "customer_id": 6384, "order_date": "2025-01-20", "transaction_timestamp": "2025-01-20 16:18:35", "total_amount": 298, "payment_method": "PayPal", "items": [{"item_id": 6, "name": "Bluetooth Speaker", "category": "Electronics", "price": 149, "quantity": 2, "details": {"brand": "Bose", "color": "Silver"}}], "order_status": "Completed"}
{"order_id": 41, "customer_id": 6384, "order_date": "2025-01-05", "transaction_timestamp": "2025-01-05 06:10:22", "total_amount": 999, "payment_method": "Credit Card", "items": [{"item_id": 2, "name": "Laptop", "category": "Electronics", "price": 999, "quantity": 1, "details": {"brand": "Sony", "color": "Silver"}}], "order_status": "Shipped"}
{"order_id": 43, "customer_id": 5028, "order_date": "2025-01-24", "transaction_timestamp": "2025-01-24 18:10:37", "total_amount": 499, "payment_method": "PayPal", "items": [{"item_id": 8, "name": "Gaming Console", "category": "Electronics", "price": 499, "quantity": 1, "details": {"brand": "LG", "color": "Black"}}], "order_status": "Pending"}
{"order_id": 50, "customer_id": 3712, "order_date": "2025-01-11", "transaction_timestamp": "2025-01-11 01:19:09", "total_amount": 746, "payment_method": "Credit Card", "items": [{"item_id": 6, "name": "Bluetooth Speaker", "category": "Electronics", "price": 149, "quantity": 3, "details": {"brand": "Apple", "color": "Gray"}}, {"item_id": 4, "name": "Smartwatch", "category": "Electronics", "price": 299, "quantity": 1, "details": {"brand": "Sony", "color": "White"}}], "order_status": "Shipped"}
{"order_id": 51, "customer_id": 8845, "order_date": "2025-01-21", "transaction_timestamp": "2025-01-21 13:19:59", "total_amount": 149, "payment_method": "PayPal", "items": [{"item_id": 6, "name": "Bluetooth Speaker", "category": "Electronics", "price": 149, "quantity": 1, "details": {"brand": "Samsung", "color": "Gray"}}], "order_status": "Completed"}
{"order_id": 53, "customer_id": 8845, "order_date": "2025-01-21", "transaction_timestamp": "2025-01-21 08:31:02", "total_amount": 199, "payment_method": "Bank Transfer", "items": [{"item_id": 3, "name": "Wireless Headphones", "category": "Electronics", "price": 199, "quantity": 1, "details": {"brand": "Apple", "color": "Black"}}], "order_status": "Pending"}
{"order_id": 56, "customer_id": 8580, "order_date": "2025-01-01", "transaction_timestamp": "2025-01-01 12:02:41", "total_amount": 698, "payment_method": "PayPal", "items": [{"item_id": 3, "name": "Wireless Headphones", "category": "Electronics", "price": 199, "quantity": 1, "details": {"brand": "HP", "color": "Silver"}}, {"item_id": 8, "name": "Gaming Console", "category": "Electronics", "price": 499, "quantity": 1, "details": {"brand": "LG", "color": "Gray"}}], "order_status": "Cancelled"}
{"order_id": 62, "customer_id": 7123, "order_date": "2025-01-24", "transaction_timestamp": "2025-01-24 12:00:54", "total_amount": 985, "payment_method": "Bank Transfer", "items": [{"item_id": 7, "name": "External Hard Drive", "category": "Electronics", "price": 129, "quantity": 3, "details": {"brand": "Dell", "color": "White"}}, {"item_id": 4, "name": "Smartwatch", "category": "Electronics", "price": 299, "quantity": 2, "details": {"brand": "GoPro", "color": "Blue"}}], "order_status": "Completed"}
{"order_id": 66, "customer_id": 3084, "order_date": "2025-01-17", "transaction_timestamp": "2025-01-17 21:16:11", "total_amount": 598, "payment_method": "Credit Card", "items": [{"item_id": 4, "name": "Smartwatch", "category": "Electronics", "price": 299, "quantity": 1, "details": {"brand": "Bose", "color": "Silver"}}, {"item_id": 4, "name": "Smartwatch", "category": "Electronics", "price": 299, "quantity": 1, "details": {"brand": "GoPro", "color": "White"}}], "order_status": "Cancelled"}
{"order_id": 68, "customer_id": 4973, "order_date": "2025-01-10", "transaction_timestamp": "2025-01-10 20:35:43", "total_amount": 149, "payment_method": "Bank Transfer", "items": [{"item_id": 6, "name": "Bluetooth Speaker", "category": "Electronics", "price": 149, "quantity": 1, "details": {"brand": "Bose", "color": "Gray"}}], "order_status": "Completed"}
{"order_id": 73, "customer_id": 6167, "order_date": "2025-01-07", "transaction_timestamp": "2025-01-07 01:02:26", "total_amount": 387, "payment_method": "Credit Card", "items": [{"item_id": 7, "name": "External Hard Drive", "category": "Electronics", "price": 129, "quantity": 3, "details": {"brand": "GoPro", "color": "Gray"}}, {"item_id": 7, "name": "External Hard Drive", "category": "Electronics", "price": 129, "quantity": 3, "details": {"brand": "GoPro", "color": "Gray"}}], "order_status": "Shipped"}
{"order_id": 75, "customer_id": 6167, "order_date": "2025-01-19", "transaction_timestamp": "2025-01-19 16:23:16", "total_amount": 699, "payment_method": "Credit Card", "items": [{"item_id": 1, "name": "Smartphone", "category": "Electronics", "price": 699, "quantity": 1, "details": {"brand": "GoPro", "color": "White"}}], "order_status": "Shipped"}
{"order_id": 76, "customer_id": 3295, "order_date": "2025-01-06", "transaction_timestamp": "2025-01-06 02:54:39", "total_amount": 399, "payment_method": "Bank Transfer", "items": [{"item_id": 5, "name": "Tablet", "category": "Electronics", "price": 399, "quantity": 1, "details": {"brand": "Microsoft", "color": "Silver"}}], "order_status": "Completed"}
{"order_id": 78, "customer_id": 9084, "order_date": "2025-01-21", "transaction_timestamp": "2025-01-21 11:42:51", "total_amount": 798, "payment_method": "PayPal", "items": [{"item_id": 5, "name": "Tablet", "category": "Electronics", "price": 399, "quantity": 2, "details": {"brand": "Dell", "color": "White"}}], "order_status": "Cancelled"}
{"order_id": 79, "customer_id": 9084, "order_date": "2025-01-25", "transaction_timestamp": "2025-01-25 03:52:05", "total_amount": 998, "payment_method": "Credit Card", "items": [{"item_id": 8, "name": "Gaming Console", "category": "Electronics", "price": 499, "quantity": 2, "details": {"brand": "Dell", "color": "Gray"}}], "order_status": "Cancelled"}
{"order_id": 83, "customer_id": 2344, "order_date": "2025-01-07", "transaction_timestamp": "2025-01-07 12:48:05", "total_amount": 785, "payment_method": "PayPal", "items": [{"item_id": 7, "name": "External Hard Drive", "category": "Electronics", "price": 129, "quantity": 3, "details": {"brand": "Canon", "color": "Gray"}}, {"item_id": 3, "name": "Wireless Headphones", "category": "Electronics", "price": 199, "quantity": 2, "details": {"brand": "Sony", "color": "Black"}}], "order_status": "Shipped"}
{"order_id": 87, "customer_id": 2141, "order_date": "2025-01-02", "transaction_timestamp": "2025-01-02 04:28:38", "total_amount": 129, "payment_method": "PayPal", "items": [{"item_id": 7, "name": "External Hard Drive", "category": "Electronics", "price": 129, "quantity": 1, "details": {"brand": "Apple", "color": "Blue"}}], "order_status": "Pending"}
{"order_id": 90, "customer_id": 9247, "order_date": "2025-01-17", "transaction_timestamp": "2025-01-17 14:30:54", "total_amount": 258, "payment_method": "Credit Card", "items": [{"item_id": 7, "name": "External Hard Drive", "category": "Electronics", "price": 129, "quantity": 1, "details": {"brand": "Canon", "color": "White"}}, {"item_id": 7, "name": "External Hard Drive", "category": "Electronics", "price": 129, "quantity": 1, "details": {"brand": "Samsung", "color": "Black"}}], "order_status": "Pending"}
{"order_id": 94, "customer_id": 6627, "order_date": "2025-01-10", "transaction_timestamp": "2025-01-10 09:51:48", "total_amount": 895, "payment_method": "Credit Card", "items": [{"item_id": 6, "name": "Bluetooth Speaker", "category": "Electronics", "price": 149, "quantity": 2, "details": {"brand": "Sony", "color": "Black"}}, {"item_id": 3, "name": "Wireless Headphones", "category": "Electronics", "price": 199, "quantity": 3, "details": {"brand": "Apple", "color": "Blue"}}], "order_status": "Pending"}
{"order_id": 98, "customer_id": 9150, "order_date": "2025-01-08", "transaction_timestamp": "2025-01-08 05:57:55", "total_amount": 985, "payment_method": "Credit Card", "items": [{"item_id": 7, "name": "External Hard Drive", "category": "Electronics", "price": 129, "quantity": 3, "details": {"brand": "HP", "color": "Blue"}}, {"item_id": 4, "name": "Smartwatch", "category": "Electronics", "price": 299, "quantity": 2, "details": {"brand": "Samsung", "color": "Gray"}}], "order_status": "Completed"}
{"order_id": 99, "customer_id": 9150, "order_date": "2025-01-10", "transaction_timestamp": "2025-01-10 21:43:46", "total_amount": 699, "payment_method": "Credit Card", "items": [{"item_id": 1, "name": "Smartphone", "category": "Electronics", "price": 699, "quantity": 1, "details": {"brand": "Bose", "color": "Gray"}}], "order_status": "Shipped"}
{"order_id": 100, "customer_id": 9150, "order_date": "2025-01-04", "transaction_timestamp": "2025-01-04 06:40:13", "total_amount": 447, "payment_method": "PayPal", "items": [{"item_id": 6, "name": "Bluetooth Speaker", "category": "Electronics", "price": 149, "quantity": 3, "details": {"brand": "LG", "color": "Silver"}}], "order_status": "Shipped"}