{"order_id": 5, "customer_id": 3892, "order_date": "2024-11-16", "transaction_timestamp": "2024-11-16 23:07:31", "total_amount": 998, "payment_method": "Bank Transfer", "items": [{"item_id": 8, "name": "Gaming Console", "category": "Electronics", "price": 499, "quantity": 2, "details": {"brand": "Dell", "color": "Blue"}}], "order_status": "Cancelled"}
{"order_id": 7, "customer_id": 1987, "order_date": "2024-11-19", "transaction_timestamp": "2024-11-19 19:18:48", "total_amount": 645, "payment_method": "Credit Card", "items": [{"item_id": 7, "name": "External Hard Drive", "category": "Electronics", "price": 129, "quantity": 2, "details": {"brand": "LG", "color": "Blue"}}, {"item_id": 7, "name": "External Hard Drive", "category": "Electronics", "price": 129, "quantity": 3, "details": {"brand": "HP", "color": "Gray"}}], "order_status": "Pending"}
{"order_id": 9, "customer_id": 9179, "order_date": "2024-11-27", "transaction_timestamp": "2024-11-27 13:15:29", "total_amount": 999, "payment_method": "Bank Transfer", "items": [{"item_id": 2, "name": "Laptop", "category": "Electronics", "price": 999, "quantity": 1, "details": {"brand": "Apple", "color": "Black"}}], "order_status": "Shipped"}
{"order_id": 20, "customer_id": 8539, "order_date": "2024-11-18", "transaction_timestamp": "2024-11-18 02:38:21", "total_amount": 798, "payment_method": "PayPal", "items": [{"item_id": 5, "name": "Tablet", "category": "Electronics", "price": 399, "quantity": 2, "details": {"brand": "Sony", "color": "Silver"}}], "order_status": "Pending"}
{"order_id": 21, "customer_id": 8539, "order_date": "2024-11-21", "transaction_timestamp": "2024-11-21 11:25:35", "total_amount": 298, "payment_method": "Bank Transfer", "items": [{"item_id": 6, "name": "Bluetooth Speaker", "category": "Electronics", "price": 149, "quantity": 2, "details": {"brand": "GoPro", "color": "Blue"}}], "order_status": "Cancelled"}
{"order_id": 23, "customer_id": 4761, "order_date": "2024-11-22", "transaction_timestamp": "2024-11-22 16:04:05", "total_amount": 997, "payment_method": "PayPal", "items": [{"item_id": 5, "name": "Tablet", "category": "Electronics", "price": 399, "quantity": 1, "details": {"brand": "Apple", "color": "Gray"}}, {"item_id": 4, "name": "Smartwatch", "category": "Electronics", "price": 299, "quantity": 2, "details": {"brand": "Dell", "color": "Gray"}}], "order_status": "Shipped"}
{"order_id": 25, "customer_id": 9706, "order_date": "2024-11-05", "transaction_timestamp": "2024-11-05 11:45:31", "total_amount": 999, "payment_method": "PayPal", "items": [{"item_id": 2, "name": "Laptop", "category": "Electronics", "price": 999, "quantity": 1, "details": {"brand": "LG", "color": "Gray"}}], "order_status": "Completed"}
{"order_id": 30, "customer_id": 4996, "order_date": "2024-11-12", "transaction_timestamp": "2024-11-12 03:20:29", "total_amount": 199, "payment_method": "Bank Transfer", "items": [{"item_id": 3, "name": "Wireless Headphones", "category": "Electronics", "price": 199, "quantity": 1, "details": {"brand": "GoPro", "color": "White"}}], "order_status": "Shipped"}
{"order_id": 35, "customer_id": 4914, "order_date": "2024-11-20", "transaction_timestamp": "2024-11-20 19:09:04", "total_amount": 199, "payment_method": "Bank Transfer", "items": [{"item_id": 3, "name": "Wireless Headphones", "category": "Electronics", "price": 199, "quantity": 1, "details": {"brand": "Dell", "color": "Gray"}}], "order_status": "Shipped"}
{"order_id": 36, "customer_id": 4914, "order_date": "2024-11-02", "transaction_timestamp": "2024-11-02 10:39:46", "total_amount": 199, "payment_method": "PayPal", "items": [{"item_id": 3, "name": "Wireless Headphones", "category": "Electronics", "price": 199, "quantity": 1, "details": {"brand": "Canon", "color": "Silver"}}], "order_status": "Completed"}
{"order_id": 42, "customer_id": 5028, "order_date": 2024-11-08, "transaction_timestamp": "2024-11-08 18:32:25", "total_amount": 149, "payment_method": "Credit Card", "items": [{"item_id": 6, "name": "Bluetooth Speaker", "category": "Electronics", "price": 149, "quantity": 1, "details": {"brand": "Bose", "color": "Gray"}}], "order_status": "Completed"}
{"order_id": 45, "customer_id": 7295, "order_date": "2024-11-07", "transaction_timestamp": "2024-11-07 15:41:43", "total_amount": 799, "payment_method": "Credit Card", "items": [{"item_id": 10, "name": "Drone", "category": "Electronics", "price": 799, "quantity": 1, "details": {"brand": "Dell", "color": "White"}}], "order_status": "Shipped"}
{"order_id": 46, "customer_id": 7295, "order_date": "2024-11-26", "transaction_timestamp": "2024-11-26 17:16:53", "total_amount": 199, "payment_method": "PayPal", "items": [{"item_id": 3, "name": "Wireless Headphones", "category": "Electronics", "price": 199, "quantity": 1, "details": {"brand": "Samsung", "color": "Black"}}], "order_status": "Pending"}
{"order_id": 47, "customer_id": 7803, "order_date": "2024-11-22", "transaction_timestamp": "2024-11-22 02:01:19", "total_amount": 298, "payment_method": "Credit Card", "items": [{"item_id": 6, "name": "Bluetooth Speaker", "category": "Electronics", "price": 149, "quantity": 2, "details": {"brand": "LG", "color": "Blue"}}], "order_status": "Shipped"}
{"order_id": 48, "customer_id": 7803, "order_date": "2024-11-13", "transaction_timestamp": "2024-11-13 06:35:56", "total_amount": 387, "payment_method": "PayPal", "items": [{"item_id": 7, "name": "External Hard Drive", "category": "Electronics", "price": 129, "quantity": 3, "details": {"brand": "Apple", "color": "Black"}}], "order_status": "Completed"}
{"order_id": 52, "customer_id": 8845, "order_date": "2024-11-19", "transaction_timestamp": "2024-11-19 21:23:45", "total_amount": 998, "payment_method": "PayPal", "items": [{"item_id": 8, "name": "Gaming Console", "category": "Electronics", "price": 499, "quantity": 2, "details": {"brand": "GoPro", "color": "White"}}], "order_status": "Completed"}
{"order_id": 57, "customer_id": 8580, "order_date": "2024-11-19", "transaction_timestamp": "2024-11-19 11:32:44", "total_amount": 586, "payment_method": "Bank Transfer", "items": [{"item_id": 3, "name": "Wireless Headphones", "category": "Electronics", "price": 199, "quantity": 1, "details": {"brand": "HP", "color": "Silver"}}, {"item_id": 7, "name": "External Hard Drive", "category": "Electronics", "price": 129, "quantity": 3, "details": {"brand": "Sony", "color": "Silver"}}], "order_status": "Cancelled"}
{"order_id": 63, "customer_id": 7123, "order_date": "2024-11-24", "transaction_timestamp": "2024-11-24 08:41:28", "total_amount": 646, "payment_method": "Bank Transfer", "items": [{"item_id": 3, "name": "Wireless Headphones", "category": "Electronics", "price": 199, "quantity": 1, "details": {"brand": "GoPro", "color": "Blue"}}, {"item_id": 6, "name": "Bluetooth Speaker", "category": "Electronics", "price": 149, "quantity": 3, "details": {"brand": "Bose", "color": "Silver"}}], "order_status": "Cancelled"}
{"order_id": 64, "customer_id": 2639, "order_date": "2024-11-28", "transaction_timestamp": "2024-11-28 12:23:21", "total_amount": 984, "payment_method": "Bank Transfer", "items": [{"item_id": 7, "name": "External Hard Drive", "category": "Electronics", "price": 129, "quantity": 3, "details": {"brand": "Microsoft", "color": "White"}}, {"item_id": 3, "name": "Wireless Headphones", "category": "Electronics", "price": 199, "quantity": 3, "details": {"brand": "Canon", "color": "Blue"}}], "order_status": "Completed"}
{"order_id": 88, "customer_id": 9247, "order_date": "2024-11-15", "transaction_timestamp": "2024-11-15 11:39:44", "total_amount": 387, "payment_method": "Bank Transfer", "items": [{"item_id": 7, "name": "External Hard Drive", "category": "Electronics", "price": 129, "quantity": 3, "details": {"brand": "Bose", "color": "White"}}], "order_status": "Cancelled"}
{"order_id": 89, "customer_id": 9247, "order_date": "2024-11-22", "transaction_timestamp": "2024-11-22 12:09:15", "total_amount": 149, "payment_method": "Bank Transfer", "items": [{"item_id": 6, "name": "Bluetooth Speaker", "category": "Electronics", "price": 149, "quantity": 1, "details": {"brand": "GoPro", "color": "Silver"}}], "order_status": "Cancelled"}
{"order_id": 92, "customer_id": 5592, "order_date": "2024-11-24", "transaction_timestamp": "2024-11-24 23:33:21", "total_amount": 258, "payment_method": "PayPal", "items": [{"item_id": 7, "name": "External Hard Drive", "category": "Electronics", "price": 129, "quantity": 2, "details": {"brand": "Sony", "color": "Black"}}], "order_status": "Shipped"}