{"order_id": 6, "customer_id": 1987, "order_date": "2024-10-28", "transaction_timestamp": "2024-10-28 04:47:27", "total_amount": 799, "payment_method": "Credit Card", "items": [{"item_id": 10, "name": "Drone", "category": "Electronics", "price": 799, "quantity": 1, "details": {"brand": "GoPro", "color": "Black"}}], "order_status": "Pending"}
{"order_id": 10, "customer_id": 5816, "order_date": "2024-10-07", "transaction_timestamp": "2024-10-07 22:09:27", "total_amount": 399, "payment_method": "Credit Card", "items": [{"item_id": 5, "name": "Tablet", "category": "Electronics", "price": 399, "quantity": 1, "details": {"brand": "GoPro", "color": "White"}}], "order_status": "Pending"}
{"order_id": 11, "customer_id": 5816, "order_date": "2024-10-13", "transaction_timestamp": "2024-10-13 17:34:19", "total_amount": 897, "payment_method": "Bank Transfer", "items": [{"item_id": 4, "name": "Smartwatch", "category": "Electronics", "price": 299, "quantity": 3, "details": {"brand": "Canon", "color": "White"}}], "order_status": "Pending"}
{"order_id": 15, "customer_id": 7207, "order_date": "2024-10-20", "transaction_timestamp": "2024-10-20 01:47:25", "total_amount": 1199, "payment_method": "Bank Transfer", "items": [{"item_id": 9, "name": "Smart TV", "category": "Electronics", "price": 1199, "quantity": 1, "details": {"brand": "GoPro", "color": "White"}}], "order_status": "Completed"}
{"order_id": 19, "customer_id": 8539, "order_date": "2024-10-13", "transaction_timestamp": "2024-10-13 12:40:26", "total_amount": 499, "payment_method": "PayPal", "items": [{"item_id": 8, "name": "Gaming Console", "category": "Electronics", "price": 499, "quantity": 1, "details": {"brand": "Dell", "color": "Silver"}}], "order_status": "Shipped"}
{"order_id": 39, "customer_id": 9263, "order_date": "2024-10-29", "transaction_timestamp": "2024-10-29 21:39:19", "total_amount": 387, "payment_method": "PayPal", "items": [{"item_id": 7, "name": "External Hard Drive", "category": "Electronics", "price": 129, "quantity": 3, "details": {"brand": "Sony", "color": "Black"}}], "order_status": "Shipped"}
{"order_id": 55, "customer_id": 9018, "order_date": "2024-10-25", "transaction_timestamp": "2024-10-25 05:49:16", "total_amount": 699, "payment_method": "Bank Transfer", "items": [{"item_id": 1, "name": "Smartphone", "category": "Electronics", "price": 699, "quantity": 1, "details": {"brand": "HP", "color": "Black"}}], "order_status": "Shipped"}
{"order_id": 59, "customer_id": 3409, "order_date": "2024-10-23", "transaction_timestamp": "2024-10-23 02:51:05", "total_amount": 499, "payment_method": "PayPal", "items": [{"item_id": 8, "name": "Gaming Console", "category": "Electronics", "price": 499, "quantity": 1, "details": {"brand": "Dell", "color": "Black"}}], "order_status": "Pending"}
{"order_id": 72, "customer_id": 3889, "order_date": 2024-10-06, "transaction_timestamp": "2024-10-06 10:23:28", "total_amount": 328, "payment_method": "PayPal", "items": [{"item_id": 3, "name": "Wireless Headphones", "category": "Electronics", "price": 199, "quantity": 1, "details": {"brand": "Microsoft", "color": "Gray"}}, {"item_id": 7, "name": "External Hard Drive", "category": "Electronics", "price": 129, "quantity": 1, "details": {"brand": "Samsung", "color": "Silver"}}], "order_status": "Cancelled"}
{"order_id": 77, "customer_id": 9084, "order_date": "2024-10-15", "transaction_timestamp": "2024-10-15 13:09:33", "total_amount": 398, "payment_method": "Credit Card", "items": [{"item_id": 3, "name": "Wireless Headphones", "category": "Electronics", "price": 199, "quantity": 2, "details": {"brand": "HP", "color": "Silver"}}], "order_status": "Pending"}
{"order_id": 84, "customer_id": 2344, "order_date": "2024-10-25", "transaction_timestamp": "2024-10-25 03:37:42", "total_amount": 998, "payment_method": "PayPal", "items": [{"item_id": 10, "name": "Drone", "category": "Electronics", "price": 799, "quantity": 1, "details": {"brand": "Sony", "color": "Black"}}, {"item_id": 3, "name": "Wireless Headphones", "category": "Electronics", "price": 199, "quantity": 1, "details": {"brand": "LG", "color": "Black"}}], "order_status": "Completed"}
{"order_id": 85, "customer_id": 5011, "order_date": "2024-10-23", "transaction_timestamp": "2024-10-23 20:06:42", "total_amount": 998, "payment_method": "Bank Transfer", "items": [{"item_id": 8, "name": "Gaming Console", "category": "Electronics", "price": 499, "quantity": 2, "details": {"brand": "GoPro", "color": "Black"}}], "order_status": "Shipped"}
{"order_id": 86, "customer_id": 5011, "order_date": "2024-10-19", "transaction_timestamp": "2024-10-19 13:30:47", "total_amount": 1199, "payment_method": "PayPal", "items": [{"item_id": 9, "name": "Smart TV", "category": "Electronics", "price": 1199, "quantity": 1, "details": {"brand": "Dell", "color": "White"}}], "order_status": "Completed"}