{"order_id": 12, "customer_id": 5816, "order_date": "2024-12-06", "transaction_timestamp": "2024-12-06 20:26:49", "total_amount": 999, "payment_method": "PayPal", "items": [{"item_id": 2, "name": "Laptop", "category": "Electronics", "price": 999, "quantity": 1, "details": {"brand": "Sony", "color": "White"}}], "order_status": "Cancelled"}
{"order_id": 13, "customer_id": 4858, "order_date": "2024-12-17", "transaction_timestamp": "2024-12-17 03:41:37", "total_amount": 999, "payment_method": "PayPal", "items": [{"item_id": 2, "name": "Laptop", "category": "Electronics", "price": 999, "quantity": 1, "details": {"brand": "GoPro", "color": "Black"}}], "order_status": "Pending"}
{"order_id": 16, "customer_id": 5204, "order_date": "2024-12-08", "transaction_timestamp": "2024-12-08 22:59:48", "total_amount": 597, "payment_method": "Bank Transfer", "items": [{"item_id": 3, "name": "Wireless Headphones", "category": "Electronics", "price": 199, "quantity": 3, "details": {"brand": "Sony", "color": "Silver"}}], "order_status": "Pending"}
{"order_id": 17, "customer_id": 5204, "order_date": "2024-12-02", "transaction_timestamp": "2024-12-02 12:00:50", "total_amount": 998, "payment_method": "Bank Transfer", "items": [{"item_id": 8, "name": "Gaming Console", "category": "Electronics", "price": 499, "quantity": 2, "details": {"brand": "Dell", "color": "Black"}}], "order_status": "Pending"}
{"order_id": 24, "customer_id": 1211, "order_date": "2024-12-21", "transaction_timestamp": "2024-12-21 03:24:26", "total_amount": 1199, "payment_method": "PayPal", "items": [{"item_id": 9, "name": "Smart TV", "category": "Electronics", "price": 1199, "quantity": 1, "details": {"brand": "GoPro", "color": "Gray"}}], "order_status": "Completed"}
{"order_id": 27, "customer_id": 2703, "order_date": "2024-12-02", "transaction_timestamp": "2024-12-02 11:24:21", "total_amount": 904, "payment_method": "Credit Card", "items": [{"item_id": 7, "name": "External Hard Drive", "category": "Electronics", "price": 129, "quantity": 2, "details": {"brand": "Dell", "color": "White"}}, {"item_id": 6, "name": "Bluetooth Speaker", "category": "Electronics", "price": 149, "quantity": 3, "details": {"brand": "Canon", "color": "Black"}}, {"item_id": 3, "name": "Wireless Headphones", "category": "Electronics", "price": 199, "quantity": 1, "details": {"brand": "Microsoft", "color": "Silver"}}], "order_status": "Completed"}
{"order_id": 28, "customer_id": 2703, "order_date": "2024-12-26", "transaction_timestamp": "2024-12-26 03:17:50", "total_amount": 129, "payment_method": "Credit Card", "items": [{"item_id": 7, "name": "External Hard Drive", "category": "Electronics", "price": 129, "quantity": 1, "details": {"brand": "GoPro", "color": "Blue"}}], "order_status": "Cancelled"}
{"order_id": 32, "customer_id": 4996, "order_date": "2024-12-28", "transaction_timestamp": "2024-12-28 08:55:57", "total_amount": 399, "payment_method": "PayPal", "items": [{"item_id": 5, "name": "Tablet", "category": "Electronics", "price": 399, "quantity": 1, "details": {"brand": "Apple", "color": "Silver"}}], "order_status": "Pending"}
{"order_id": 37, "customer_id": 7829, "order_date": "2024-12-22", "transaction_timestamp": "2024-12-22 10:11:49", "total_amount": 258, "payment_method": "Credit Card", "items": [{"item_id": 7, "name": "External Hard Drive", "category": "Electronics", "price": 129, "quantity": 2, "details": {"brand": "HP", "color": "Silver"}}], "order_status": "Shipped"}
{"order_id": 38, "customer_id": 7829, "order_date": "2024-12-25", "transaction_timestamp": "2024-12-25 22:05:19", "total_amount": 447, "payment_method": "Credit Card", "items": [{"item_id": 6, "name": "Bluetooth Speaker", "category": "Electronics", "price": 149, "quantity": 3, "details": {"brand": "Apple", "color": "Gray"}}], "order_status": "Shipped"}
{"order_id": 44, "customer_id": 7295, "order_date": "2024-12-20", "transaction_timestamp": "2024-12-20 08:05:43", "total_amount": 129, "payment_method": "Credit Card", "items": [{"item_id": 7, "name": "External Hard Drive", "category": "Electronics", "price": 129, "quantity": 1, "details": {"brand": "Bose", "color": "Blue"}}], "order_status": "Completed"}
{"order_id": 49, "customer_id": 7803, "order_date": "2024-12-07", "transaction_timestamp": "2024-12-07 23:24:11", "total_amount": 747, "payment_method": "PayPal", "items": [{"item_id": 4, "name": "Smartwatch", "category": "Electronics", "price": 299, "quantity": 1, "details": {"brand": "HP", "color": "White"}}, {"item_id": 4, "name": "Smartwatch", "category": "Electronics", "price": 299, "quantity": 1, "details": {"brand": "Canon", "color": "Blue"}}, {"item_id": 6, "name": "Bluetooth Speaker", "category": "Electronics", "price": 149, "quantity": 1, "details": {"brand": "Samsung", "color": "White"}}], "order_status": "Cancelled"}
{"order_id": 54, "customer_id": 2054, "order_date": "2024-12-20", "transaction_timestamp": "2024-12-20 12:04:27", "total_amount": 398, "payment_method": "Credit Card", "items": [{"item_id": 3, "name": "Wireless Headphones", "category": "Electronics", "price": 199, "quantity": 2, "details": {"brand": "Bose", "color": "Gray"}}], "order_status": "Pending"}
{"order_id": 58, "customer_id": 8580, "order_date": "2024-12-09", "transaction_timestamp": "2024-12-09 22:40:58", "total_amount": 699, "payment_method": "PayPal", "items": [{"item_id": 1, "name": "Smartphone", "category": "Electronics", "price": 699, "quantity": 1, "details": {"brand": "Microsoft", "color": "Gray"}}], "order_status": "Completed"}
{"order_id": 60, "customer_id": 3409, "order_date": "2024-12-13", "transaction_timestamp": "2024-12-13 13:10:12", "total_amount": 199, "payment_method": "Bank Transfer", "items": [{"item_id": 3, "name": "Wireless Headphones", "category": "Electronics", "price": 199, "quantity": 1, "details": {"brand": "Samsung", "color": "Blue"}}], "order_status": "Shipped"}
{"order_id": 61, "customer_id": 7123, "order_date": "2024-12-07", "transaction_timestamp": "2024-12-07 07:47:19", "total_amount": 699, "payment_method": "Bank Transfer", "items": [{"item_id": 1, "name": "Smartphone", "category": "Electronics", "price": 699, "quantity": 1, "details": {"brand": "Canon", "color": "Black"}}], "order_status": "Completed"}
{"order_id": 65, "customer_id": 3084, "order_date": "2024-12-09", "transaction_timestamp": "2024-12-09 13:04:13", "total_amount": 399, "payment_method": "Bank Transfer", "items": [{"item_id": 5, "name": "Tablet", "category": "Electronics", "price": 399, "quantity": 1, "details": {"brand": "Microsoft", "color": "Gray"}}], "order_status": "Cancelled"}
{"order_id": 67, "customer_id": 3084, "order_date": "2024-12-19", "transaction_timestamp": "2024-12-19 07:11:09", "total_amount": 897, "payment_method": "PayPal", "items": [{"item_id": 4, "name": "Smartwatch", "category": "Electronics", "price": 299, "quantity": 3, "details": {"brand": "LG", "color": "Blue"}}], "order_status": "Shipped"}
{"order_id": 69, "customer_id": 4973, "order_date": "2024-12-30", "transaction_timestamp": "2024-12-30 02:42:01", "total_amount": 699, "payment_method": "Bank Transfer", "items": [{"item_id": 1, "name": "Smartphone", "category": "Electronics", "price": 699, "quantity": 1, "details": {"brand": "Dell", "color": "Gray"}}], "order_status": "Completed"}
{"order_id": 70, "customer_id": 7997, "order_date": "2024-12-04", "transaction_timestamp": "2024-12-04 17:17:24", "total_amount": 897, "payment_method": "PayPal", "items": [{"item_id": 4, "name": "Smartwatch", "category": "Electronics", "price": 299, "quantity": 3, "details": {"brand": "Sony", "color": "Black"}}], "order_status": "Shipped"}
{"order_id": 71, "customer_id": 7997, "order_date": 2024-12-27, "transaction_timestamp": "2024-12-27 11:16:39", "total_amount": 199, "payment_method": "Bank Transfer", "items": [{"item_id": 3, "name": "Wireless Headphones", "category": "Electronics", "price": 199, "quantity": 1, "details": {"brand": "Microsoft", "color": "Black"}}], "order_status": "Completed"}
{"order_id": 74, "customer_id": 6167, "order_date": "2024-12-22", "transaction_timestamp": "2024-12-22 15:54:11", "total_amount": 699, "payment_method": "PayPal", "items": [{"item_id": 1, "name": "Smartphone", "category": "Electronics", "price": 699, "quantity": 1, "details": {"brand": "Samsung", "color": "Blue"}}], "order_status": "Pending"}
{"order_id": 80, "customer_id": 9687, "order_date": "2024-12-11", "transaction_timestamp": "2024-12-11 07:43:54", "total_amount": 998, "payment_method": "Bank Transfer", "items": [{"item_id": 8, "name": "Gaming Console", "category": "Electronics", "price": 499, "quantity": 2, "details": {"brand": "Samsung", "color": "White"}}], "order_status": "Cancelled"}
{"order_id": 81, "customer_id": 9687, "order_date": "2024-12-27", "transaction_timestamp": "2024-12-27 02:27:45", "total_amount": 699, "payment_method": "PayPal", "items": [{"item_id": 1, "name": "Smartphone", "category": "Electronics", "price": 699, "quantity": 1, "details": {"brand": "GoPro", "color": "Blue"}}], "order_status": "Completed"}
{"order_id": 82, "customer_id": 2344, "order_date": "2024-12-28", "transaction_timestamp": "2024-12-28 00:54:08", "total_amount": 387, "payment_method": "PayPal", "items": [{"item_id": 7, "name": "External Hard Drive", "category": "Electronics", "price": 129, "quantity": 3, "details": {"brand": "Sony", "color": "Blue"}}], "order_status": "Completed"}
{"order_id": 91, "customer_id": 5592, "order_date": "2024-12-17", "transaction_timestamp": "2024-12-17 00:09:53", "total_amount": 699, "payment_method": "Bank Transfer", "items": [{"item_id": 1, "name": "Smartphone", "category": "Electronics", "price": 699, "quantity": 1, "details": {"brand": "Canon", "color": "Silver"}}], "order_status": "Cancelled"}
{"order_id": 93, "customer_id": 6627, "order_date": "2024-12-22", "transaction_timestamp": "2024-12-22 05:07:46", "total_amount": 598, "payment_method": "PayPal", "items": [{"item_id": 4, "name": "Smartwatch", "category": "Electronics", "price": 299, "quantity": 2, "details": {"brand": "LG", "color": "Silver"}}], "order_status": "Pending"}
{"order_id": 95, "customer_id": 6627, "order_date": "2024-12-28", "transaction_timestamp": "2024-12-28 04:28:30", "total_amount": 946, "payment_method": "Bank Transfer", "items": [{"item_id": 4, "name": "Smartwatch", "category": "Electronics", "price": 299, "quantity": 2, "details": {"brand": "GoPro", "color": "White"}}, {"item_id": 3, "name": "Wireless Headphones", "category": "Electronics", "price": 199, "quantity": 1, "details": {"brand": "Bose", "color": "Gray"}}, {"item_id": 6, "name": "Bluetooth Speaker", "category": "Electronics", "price": 149, "quantity": 1, "details": {"brand": "Dell", "color": "Silver"}}], "order_status": "Completed"}
{"order_id": 96, "customer_id": 6406, "order_date": "2024-12-02", "transaction_timestamp": "2024-12-02 12:27:45", "total_amount": 149, "payment_method": "PayPal", "items": [{"item_id": 6, "name": "Bluetooth Speaker", "category": "Electronics", "price": 149, "quantity": 1, "details": {"brand": "Microsoft", "color": "Black"}}], "order_status": "Shipped"}
{"order_id": 97, "customer_id": 6406, "order_date": "2024-12-07", "transaction_timestamp": "2024-12-07 16:14:34", "total_amount": 499, "payment_method": "Bank Transfer", "items": [{"item_id": 8, "name": "Gaming Console", "category": "Electronics", "price": 499, "quantity": 1, "details": {"brand": "Sony", "color": "Silver"}}], "order_status": "Completed"}