{"customer_id": 6973, "customer_name": "Tracy Cole", "date_of_birth": "1998-07-24", "telephone": "+1 5515836612", "email": "tony46@mail.com", "member_since": "2024-12-16", "created_timestamp": "2024-12-25 11:06:35"}
{"customer_id": 3532, "customer_name": "Holly Wilkinson", "date_of_birth": "2003-03-06", "telephone": null, "email": "lindsey61@yahoo.com", "member_since": "2024-12-22", "created_timestamp": "2024-12-26 09:29:16"}
{"customer_id": 1211, "customer_name": "Jeremy Ball", "date_of_birth": "2002-03-26", "telephone": "+1 5793543882", "email": "megan86@yahoo.com", "member_since": "2024-12-01", "created_timestamp": "2024-12-16 16:54:10"}
{"customer_id": 7829, "customer_name": "Daniel Black", "date_of_birth": "1998-04-13", "telephone": "+1 0933795082", "email": "sandra54@example.org", "member_since": "2024-11-16", "created_timestamp": "2024-12-07 18:09:58"}
{"customer_id": 6384, "customer_name": "Jennifer Carrillo", "date_of_birth": "1994-12-18", "telephone": "+1 5592179843", "email": "james34@yahoo.com", "member_since": "2024-12-22", "created_timestamp": "2024-12-24 14:46:04"}
{"customer_id": 2639, "customer_name": "Jessica Deleon", "date_of_birth": "1995-06-04", "telephone": "+1 1304435999", "email": "jeremiah96@gmail.com", "member_since": "2024-11-22", "created_timestamp": "2024-12-21 07:08:28"}
{"customer_id": 3084, "customer_name": "Tyler Simmons", "date_of_birth": "2003-02-20", "telephone": null, "email": "brian94@mail.com", "member_since": "2024-12-02", "created_timestamp": "2024-12-20 12:32:29"}
{"customer_id": 7997, "customer_name": "Patricia Abbott", "date_of_birth": "1997-07-31", "telephone": "+1 4053366448", "email": "angela97@mail.com", "member_since": "2024-11-28", "created_timestamp": "2024-12-22 23:00:48"}
{"customer_id": 9687, "customer_name": "Micheal Perez MD", "date_of_birth": "2002-07-18", "telephone": "+1 3079718622", "email": "christopher65@example.org", "member_since": "2024-11-22", "created_timestamp": "2024-12-05 08:58:52"}
{"customer_id": 2141, "customer_name": "Zachary Lopez", "date_of_birth": "2002-09-20", "telephone": "+1 7431190983", "email": "glenn87@example.org", "member_since": "2024-12-14", "created_timestamp": "2024-12-17 15:05:15"}
{"customer_id": 5592, "customer_name": "Richard Neal", "date_of_birth": "1995-11-05", "telephone": "+1 4425187397", "email": "eric52@gmail.com", "member_since": "2024-11-15", "created_timestamp": "2024-12-04 13:16:03"}
{"customer_id": 6406, "customer_name": "Christopher Ritter", "date_of_birth": "2004-07-12", "telephone": "+1 1752511241", "email": null, "member_since": "2024-11-24", "created_timestamp": "2024-12-13 14:23:27"}
{"customer_id": 1211, "customer_name": "Jeremy Ball", "date_of_birth": "2002-03-26", "telephone": "+1 5793543882", "email": "megan86@yahoo.com", "member_since": "2024-12-01", "created_timestamp": "2024-12-16 16:54:10"}
{"customer_id": 7997, "customer_name": "Patricia Abbott", "date_of_birth": "1997-07-31", "telephone": "+1 4053366448", "email": "angela97@mail.com", "member_since": "2024-11-28", "created_timestamp": "2024-12-22 23:00:48"}
