{"customer_id": 3892, "customer_name": "Jason Bridges", "date_of_birth": "2004-01-01", "telephone": "+1 8220011928", "email": "nicole29@gmail.com", "member_since": "2024-10-29", "created_timestamp": "2024-11-14 20:41:18"}
{"customer_id": 1987, "customer_name": "Amanda Alvarez", "date_of_birth": "1995-10-11", "telephone": "+1 9673066300", "email": "eric40@outlook.com", "member_since": "2024-10-27", "created_timestamp": "2024-11-16 01:47:25"}
{"customer_id": 5816, "customer_name": "Amy Morales", "date_of_birth": "1999-12-11", "telephone": "+1 4140982719", "email": "katelyn82@example.org", "member_since": "2024-11-04", "created_timestamp": "2024-11-19 14:03:09"}
{"customer_id": 5204, "customer_name": "Jennifer Nichols DDS", "date_of_birth": "1997-02-17", "telephone": "+1 0383356328", "email": "joseph8@example.org", "member_since": "2024-11-04", "created_timestamp": "2024-11-09 14:52:31"}
{"customer_id": 4468, "customer_name": "Mrs. Roberta Salas PhD", "date_of_birth": "1997-05-10", "telephone": "+1 4679955118", "email": null, "member_since": "2024-10-25", "created_timestamp": "2024-11-23 18:16:18"}
{"customer_id": 4761, "customer_name": "Timothy Smith", "date_of_birth": "1996-11-07", "telephone": "+1 9450920858", "email": "joshua40@yahoo.com", "member_since": "2024-11-03", "created_timestamp": "2024-11-14 16:41:14"}
{"customer_id": 2703, "customer_name": "Anthony Miller", "date_of_birth": "1997-11-02", "telephone": "+1 1586310752", "email": null, "member_since": "2024-11-05", "created_timestamp": "2024-11-07 22:20:00"}
{"customer_id": 4914, "customer_name": "Samantha Johnson", "date_of_birth": "1997-03-26", "telephone": "+1 4095003738", "email": "theresa14@mail.com", "member_since": "2024-10-13", "created_timestamp": "2024-11-12 12:57:38"}
{"customer_id": 7295, "customer_name": "Lauren Reed", "date_of_birth": "2001-08-11", "telephone": "+1 0104088765", "email": "jeanette48@example.org", "member_since": "2024-10-10", "created_timestamp": "2024-11-08 02:26:42"}
{"customer_id": 7803, "customer_name": "Katherine Lee", "date_of_birth": "2000-03-09", "telephone": "+1 3119886866", "email": "jennifer85@mail.com", "member_since": "2024-10-27", "created_timestamp": "2024-11-09 20:24:30"}
{"customer_id": 3712, "customer_name": "Robin Chavez", "date_of_birth": "1997-03-16", "telephone": "+1 2654756919", "email": "lisa15@gmail.com", "member_since": "2024-11-24", "created_timestamp": "2024-11-24 11:14:03"}
{"customer_id": null, "customer_name": "Andrew Taylor", "date_of_birth": "1996-01-11", "telephone": "+1 1235447333", "email": "andrew.taylor@gmail.com", "member_since": "2024-11-21", "created_timestamp": "2024-11-23 11:14:03"}
{"customer_id": 2054, "customer_name": "Alan Price", "date_of_birth": "1998-08-25", "telephone": "+1 3745642936", "email": "connor40@yahoo.com", "member_since": "2024-10-14", "created_timestamp": "2024-11-03 17:22:56"}
{"customer_id": 7123, "customer_name": "Edgar Stevens", "date_of_birth": "2003-02-15", "telephone": "+1 0793189847", "email": "kevin68@example.org", "member_since": "2024-10-27", "created_timestamp": "2024-11-09 07:14:17"}
{"customer_id": 4996, "customer_name": "Brandon Reed", "date_of_birth": "1997-05-11", "telephone": "+43 2750540511", "email": "handerson@barker.info", "member_since": "2024-11-06", "created_timestamp": "2024-11-27 12:56:20"}
