{"customer_id": 9179, "customer_name": "Richard Cox", "date_of_birth": "1996-10-25", "telephone": "+1 6680703335", "email": "devon84@mail.com", "member_since": "2024-09-26", "created_timestamp": "2024-10-17 16:12:27"}
{"customer_id": 4858, "customer_name": "Carla Morton", "date_of_birth": "2004-06-21", "telephone": "+1 8616454195", "email": "joseph88@mail.com", "member_since": "2024-09-15", "created_timestamp": "2024-10-01 00:50:29"}
{"customer_id": 7207, "customer_name": "Billy Scott", "date_of_birth": "1997-03-17", "telephone": "+1 5544387564", "email": "christopher30@mail.com", "member_since": "2024-09-23", "created_timestamp": "2024-10-23 22:03:08"}
{"customer_id": 8539, "customer_name": "Lori Mason", "date_of_birth": "2002-11-01", "telephone": "+1 0498301620", "email": "stephanie7@mail.com", "member_since": "2024-09-12", "created_timestamp": "2024-10-12 06:02:27"}
{"customer_id": 9706, "customer_name": "Jennifer Haas", "date_of_birth": "2001-04-03", "telephone": "+1 4725460000", "email": "benjamin55@mail.com", "member_since": "2024-10-05", "created_timestamp": "2024-10-24 13:03:13"}
{"customer_id": 9263, "customer_name": "Joseph Keller", "date_of_birth": "2003-02-11", "telephone": "+1 3817867756", "email": null, "member_since": "2024-10-04", "created_timestamp": "2024-10-08 22:49:25"}
{"customer_id": 5028, "customer_name": "Jessica Harris", "date_of_birth": "2004-04-19", "telephone": "+1 8604009935", "email": null, "member_since": "2024-09-10", "created_timestamp": "2024-10-06 19:55:52"}
{"customer_id": 9018, "customer_name": "William Carter", "date_of_birth": "2003-09-05", "telephone": "+1 1448753611", "email": "james70@gmail.com", "member_since": "2024-10-08", "created_timestamp": "2024-10-18 23:24:52"}
{"customer_id": 8580, "customer_name": "Shannon Austin", "date_of_birth": "2002-03-22", "telephone": "+1 4594705629", "email": "john30@gmail.com", "member_since": "2024-10-07", "created_timestamp": "2024-10-21 13:20:26"}
{"customer_id": 3409, "customer_name": "Andrew Phillips", "date_of_birth": "2003-04-17", "telephone": "+1 4079273853", "email": "peter73@yahoo.com", "member_since": "2024-09-30", "created_timestamp": "2024-10-02 14:53:40"}
{"customer_id": 2344, "customer_name": "Martin Thomas DDS", "date_of_birth": "2002-05-01", "telephone": "+1 0201457151", "email": "billy42@outlook.com", "member_since": "2024-10-13", "created_timestamp": "2024-10-26 15:14:33"}
{"customer_id": 5011, "customer_name": "Rachel Thomas", "date_of_birth": "2003-02-17", "telephone": "+1 5437271621", "email": "lauren59@yahoo.com", "member_since": "2024-09-24", "created_timestamp": "2024-10-15 02:48:29"}
{"customer_id": 9247, "customer_name": "Dr. Daniel Hall", "date_of_birth": "2004-03-21", "telephone": "+1 7544137170", "email": "tamara30@gmail.com", "member_since": "2024-10-03", "created_timestamp": "2024-10-28 00:57:09"}
{"customer_id": 6627, "customer_name": "Candice Rosales", "date_of_birth": "2004-04-03", "telephone": "+1 4788451559", "email": "amber79@example.org", "member_since": "2024-10-15", "created_timestamp": "2024-10-22 05:52:57"}
{"customer_id": 5028, "customer_name": "Jessica Harris", "date_of_birth": "2004-04-19", "telephone": "+1 8604009935", "email": null, "member_since": "2024-09-10", "created_timestamp": "2024-10-06 19:55:52"}
{"customer_id": 5816, "customer_name": "Amy Morales", "date_of_birth": "1999-12-11", "telephone": "+46 4407385044", "email": "daniel12@hotmail.com", "member_since": "2024-09-17", "created_timestamp": "2024-10-08 03:30:53"}
{"customer_id": 9247, "customer_name": "Dr. Daniel Hall", "date_of_birth": "2004-03-21", "telephone": "+46 7281991017", "email": "sheena11@alexander.com", "member_since": "2024-09-15", "created_timestamp": "2024-10-15 01:27:54"}
{"customer_id": 3889, "customer_name": "Jennifer Jackson", "date_of_birth": "1995-10-30", "telephone": "+68 2276996612", "email": null, "member_since": "2024-09-16", "created_timestamp": "2024-10-09 18:54:00"}
{"customer_id": 9084, "customer_name": "Olivia Lyons", "date_of_birth": "1997-06-17", "telephone": null, "email": "johnsonmichael@yahoo.com", "member_since": "2024-09-26", "created_timestamp": "2024-10-10 16:53:44"}
{"customer_id": null, "customer_name": "John Smith", "date_of_birth": "1998-01-19", "telephone": "+1 8762342456", "email": "john.smith@outlook.com", "member_since": "2024-07-16", "created_timestamp": "2024-10-19 11:53:44"}