{"customer_id": 7007, "customer_name": "Joe Castaneda", "date_of_birth": "1999-04-27", "telephone": "+1 1767970338", "email": "michael34@mail.com", "member_since": "2024-12-31", "created_timestamp": "2025-01-05 17:29:34"}
{"customer_id": 5953, "customer_name": "Kevin Harris", "date_of_birth": "2003-01-23", "telephone": "+1 6517763640", "email": "timothy99@mail.com", "member_since": "2024-12-31", "created_timestamp": "2025-01-17 15:59:39"}
{"customer_id": 4996, "customer_name": "Brandon Reed", "date_of_birth": "1997-05-11", "telephone": null, "email": "stacey71@yahoo.com", "member_since": "2024-12-13", "created_timestamp": "2025-01-12 20:13:31"}
{"customer_id": 9605, "customer_name": "Tiffany Rocha", "date_of_birth": "2003-04-25", "telephone": "+1 6232811506", "email": "michael82@yahoo.com", "member_since": "2024-12-22", "created_timestamp": "2025-01-14 13:30:57"}
{"customer_id": 8845, "customer_name": "Joseph Robbins", "date_of_birth": "1997-04-04", "telephone": "+1 9513893820", "email": "derek53@yahoo.com", "member_since": "2025-01-12", "created_timestamp": "2025-01-16 21:17:22"}
{"customer_id": 4973, "customer_name": "Daniel Thompson", "date_of_birth": "1999-07-17", "telephone": "+1 5823046206", "email": "connor32@example.org", "member_since": "2024-12-27", "created_timestamp": "2025-01-26 09:46:03"}
{"customer_id": 3889, "customer_name": "Jennifer Jackson", "date_of_birth": "1995-10-30", "telephone": "+1 5932456755", "email": "catherine77@example.org", "member_since": "2025-01-07", "created_timestamp": "2025-01-25 13:28:31"}
{"customer_id": 6167, "customer_name": "Leslie Smith", "date_of_birth": "2001-10-28", "telephone": "+1 2978446880", "email": "angela16@mail.com", "member_since": "2024-12-16", "created_timestamp": "2025-01-14 18:31:28"}
{"customer_id": 3295, "customer_name": "Drew Hanson", "date_of_birth": "1996-11-21", "telephone": "+1 6521792889", "email": "cathy31@gmail.com", "member_since": "2025-01-01", "created_timestamp": "2025-01-17 07:50:48"}
{"customer_id": 9084, "customer_name": "Olivia Lyons", "date_of_birth": "1997-06-17", "telephone": "+1 2909899135", "email": "patty47@outlook.com", "member_since": "2024-12-16", "created_timestamp": "2025-01-03 03:28:34"}
{"customer_id": 9150, "customer_name": "Alison Davis", "date_of_birth": "2004-01-17", "telephone": "+1 7119851149", "email": "jacob31@yahoo.com", "member_since": "2024-12-26", "created_timestamp": "2025-01-23 02:07:26"}
{"customer_id": 9605, "customer_name": "Tiffany Rocha", "date_of_birth": "2003-04-25", "telephone": "+1 6232811506", "email": "michael82@yahoo.com", "member_since": "2024-12-22", "created_timestamp": "2025-01-14 13:30:57"}
{"customer_id": 4996, "customer_name": "Brandon Reed", "date_of_birth": "1997-05-11", "telephone": null, "email": "stacey71@yahoo.com", "member_since": "2024-12-13", "created_timestamp": "2025-01-12 20:13:31"}
